| 1 | | Callahan | | xreese@hall-donovan.com | | 2020-08-26| | http://www.escobar.org/ |
| 2 | | Ferrell | | haleybraun@blevins-sexton.com | | 2020-04-27| | https://tyler-pugh.info/ |
| 3 | | Andersen | | hohailey@anthony.com | | 2022-03-22| | https://www.mack-bell.net/ |
| 4 | | Ponce | | briangriffin@chang.org | | 2020-07-02| | https://delacruz-freeman.org/ |
| 5 | | Mccormick | | bauergerald@morrison.com | | 2021-01-17| | https://welch.info/ |
| 6 | | Lee | | changkellie@howell.com | | 2021-08-13| | https://www.roberts.com/ |
| 7 | | Hoffman | | mayerjerome@hurst-graham.net | | 2020-04-09| | http://www.holt.com/ |
| 8 | | Wiggins | | kentryan@stone-oneill.com | | 2021-04-02| | http://carlson.com/ |
| 9 | | Payne | | danielbuckley@hatfield.info | | 2020-11-26| | https://www.glenn-snow.com/ |
| 10 | | Franco | | cartermallory@chung.com | | 2021-06-29| | http://ruiz.com/ |
| 11 | | Hawkins | | lweeks@hooper.org | | 2021-05-02| | https://www.newman.com/ |
| 12 | | Shaffer | | calhounalisha@hardin.net | | 2021-04-07| | https://www.hoffman-rubio.com/ |
| 13 | | Moran | | ypayne@gaines.biz | | 2020-02-28| | https://hinton.info/ |
| 14 | | Hammond | | nwu@brady-chen.com | | 2022-03-03| | https://bush-huynh.org/ |
| 15 | | Blackwell | | harold11@mullen.org | | 2021-03-30| | https://barker-bishop.info/ |
| 16 | | Newton | | andrewsanders@marks.com | | 2020-08-09| | https://figueroa.com/ |
| 17 | | Archer | | amy99@booker.com | | 2021-05-21| | http://www.callahan.net/ |
| 18 | | Griffin | | basschristian@faulkner.com | | 2021-06-02| | http://www.mclaughlin-hubbard.net/ |
| 19 | | Valencia | | ldelacruz@spence.com | | 2021-04-17| | http://www.myers.com/ |
| 20 | | Ramsey | | hayleyritter@price.net | | 2020-12-30| | http://www.larsen-floyd.biz/ |
| 21 | | Meadows | | yhebert@hays-rivera.com | | 2020-01-01| | https://chavez.com/ |
| 22 | | Brock | | austinhobbs@briggs.com | | 2021-06-27| | https://www.norman.org/ |
| 23 | | Pope | | zramos@haney.org | | 2020-05-19| | http://www.moyer.com/ |
| 24 | | Stanton | | shelley82@jarvis.com | | 2020-01-23| | http://young.com/ |
| 25 | | Flynn | | sharigriffin@cameron.com | | 2020-09-05| | http://huerta-cordova.info/ |
| 26 | | Williamson | | rpace@huynh.com | | 2020-03-06| | http://www.allison-clements.com/ |
| 27 | | Calderon | | emullins@simpson-christensen.com | | 2021-06-17| | http://www.larsen.org/ |
| 28 | | Walton | | patricialeach@hernandez.biz | | 2020-11-15| | https://quinn.biz/ |
| 29 | | Mack | | mindy15@fuentes.org | | 2021-03-01| | http://www.macdonald-lyons.com/ |
| 30 | | Jacobson | | jake39@little.com | | 2021-09-02| | http://www.guerra-armstrong.com/ |
| 31 | | Harper | | mhudson@hardin.com | | 2020-07-06| | http://www.barajas-hendrix.com/ |
| 32 | | Mayer | | nlane@kane-pennington.com | | 2020-07-15| | http://perkins.com/ |
| 33 | | Owens | | savannah10@simpson.com | | 2022-01-02| | https://mckee-hill.net/ |
| 34 | | Davies | | cristian16@hill-beard.com | | 2021-03-09| | https://www.bray.com/ |
| 35 | | Cruz | | jasmineaustin@whitehead.info | | 2022-05-03| | https://www.tran.net/ |
| 37 | | Hubbard | | samuel97@wyatt.com | | 2021-03-17| | https://www.velazquez-wright.com/ |
| 38 | | Bennett | | karlgarrett@fischer.biz | | 2021-01-12| | https://www.frederick.com/ |
| 39 | | Hansen | | biancahenry@hernandez.org | | 2020-01-14| | https://www.graves.info/ |
| 40 | | Foster | | marisa13@hickman.com | | 2020-10-29| | https://www.schmitt.com/ |
| 41 | | Medina | | billymorris@lambert-irwin.com | | 2020-03-02| | http://www.nicholson.org/ |
| 42 | | Santana | | kdavies@owen-humphrey.info | | 2021-06-11| | http://www.gates.net/ |
| 43 | | Moreno | | gregghendricks@conner-weiss.info | | 2022-02-12| | https://www.gillespie.biz/ |
| 44 | | Bush | | alfredbradford@perry.com | | 2020-02-13| | http://www.zhang.com/ |
| 45 | | Davenport | | ngilmore@bush.net | | 2020-05-10| | https://www.davenport.com/ |
| 46 | | Terry | | vgilbert@romero.biz | | 2021-01-04| | http://www.grimes-summers.com/ |
| 47 | | Esparza | | dgould@graham-winters.com | | 2020-09-24| | http://harris.net/ |
| 48 | | Richard | | fsuarez@cooper-montes.biz | | 2022-04-17| | https://www.delacruz.com/ |
| 49 | | Gillespie | | mbonilla@hampton.com | | 2021-12-25| | https://www.tyler.com/ |
| 50 | | Lin | | lfaulkner@villanueva.com | | 2020-06-23| | https://www.long-hickman.com/ |
| 51 | | Thomas | | maystiffany@davidson.com | | 2021-10-06| | https://johns-sharp.com/ |
| 52 | | Fischer | | katie69@romero.net | | 2021-10-21| | http://mcgrath.org/ |
| 53 | | West | | ivanhiggins@charles-estrada.com | | 2020-01-26| | https://spencer.com/ |
| 54 | | Morton | | xcallahan@cantu.com | | 2020-01-22| | https://www.lindsey.org/ |
| 55 | | Guerra | | melvindrake@friedman-bradley.com | | 2021-08-19| | https://www.leblanc.com/ |
| 56 | | Shelton | | carpentergary@vance-weeks.com | | 2022-05-12| | https://giles-newton.com/ |
| 57 | | Meza | | duartejohnathan@pennington.com | | 2022-04-21| | https://richmond.com/ |
| 58 | | Tapia | | zbrock@blevins-payne.com | | 2020-11-12| | https://nolan.com/ |
| 59 | | Powell | | phelpsandres@hartman-cooper.org | | 2020-10-11| | http://www.fernandez-fisher.com/ |
| 60 | | Irwin | | daisyblair@walsh-holmes.org | | 2021-09-30| | https://www.mcneil.com/ |
| 61 | | Hodge | | thomasnicholas@blankenship-ford.com | | 2021-06-26| | https://www.nguyen.com/ |
| 62 | | Drake | | hburke@duke-mcmahon.com | | 2021-10-22| | https://www.cain-allen.com/ |
| 63 | | Tran | | lonnielittle@hoffman-meadows.com | | 2022-03-03| | https://www.snow.org/ |
| 64 | | Webster | | qmcdaniel@cruz.net | | 2020-09-02| | https://www.knight.net/ |
| 65 | | Mcclure | | austinvang@glenn.com | | 2020-03-10| | http://www.rush.biz/ |
| 66 | | Wu | | shortfrederick@cobb.net | | 2021-03-15| | http://www.levine.com/ |
| 67 | | Bridges | | yolanda69@rosario.com | | 2021-10-05| | http://carrillo.com/ |
| 68 | | Washington | | michaela80@russell.com | | 2021-12-05| | https://www.trevino.info/ |
| 69 | | Ayala | | ashley39@garrison.com | | 2021-09-26| | https://www.wagner.org/ |
| 70 | | Hooper | | alan50@hobbs.info | | 2020-12-05| | https://www.copeland.org/ |
| 71 | | Robbins | | hsantos@lopez.info | | 2020-03-15| | http://moyer.com/ |
| 72 | | Cobb | | robbinsgordon@dyer-kim.info | | 2020-12-20| | https://www.acevedo-macdonald.net/ |
| 73 | | Salas | | meghanfernandez@patel-todd.com | | 2021-06-22| | https://deleon.com/ |
| 74 | | Long | | gabrielarobbins@hawkins-bernard.com | | 2020-01-12| | https://www.roach.com/ |
| 75 | | Kemp | | qlarson@berry.biz | | 2022-01-09| | http://www.blankenship.com/ |
| 77 | | Horn | | hmorgan@olson.com | | 2020-07-21| | http://www.terrell.com/ |
| 78 | | Spears | | charlottemercer@hensley.net | | 2020-02-26| | https://www.rodgers.biz/ |
| 79 | | Ortiz | | escobarisabella@harrell-santiago.info | | 2021-09-13| | https://valdez-li.org/ |
| 80 | | Cantu | | ellen80@bonilla.com | | 2020-05-21| | http://whitehead.info/ |
| 81 | | Pittman | | chavezrandall@mckinney-stafford.net | | 2021-09-29| | http://barr-salas.org/ |
| 82 | | Cowan | | gravesgrace@molina.org | | 2020-11-02| | http://schaefer.com/ |
| 83 | | Chen | | hhuerta@morris-case.info | | 2020-09-05| | http://www.benson-keller.com/ |
| 85 | | Stanley | | ydavid@potter.com | | 2021-09-24| | https://ibarra.com/ |
| 86 | | Gallegos | | colealexander@turner.biz | | 2020-04-30| | http://watson-frye.org/ |
| 87 | | Pruitt | | carpenterkylie@chambers-frost.com | | 2020-12-12| | https://kirk-skinner.com/ |
| 88 | | Vaughan | | adrian55@gardner-gaines.com | | 2020-10-13| | https://www.mccormick.biz/ |
| 89 | | Bautista | | bonillaalex@cervantes.org | | 2021-08-17| | http://jefferson.com/ |
| 90 | | Chase | | maureen18@barr.org | | 2020-10-22| | https://www.anthony.net/ |
| 91 | | Hurley | | ocole@sanders-lowery.net | | 2020-05-27| | http://wise-mendez.com/ |
| 92 | | Huang | | spencerbright@powell.biz | | 2020-06-23| | https://zimmerman.com/ |
| 93 | | Cummings | | dawncoffey@barker.com | | 2021-04-25| | http://sampson-marshall.biz/ |
| 94 | | Chapman | | anthonyzuniga@tucker.com | | 2022-05-16| | http://www.atkinson-may.com/ |
| 95 | | Cortez | | carrillokenneth@bowman-montoya.com | | 2020-09-20| | http://henry.com/ |
| 96 | | Hendrix | | dominguezparker@preston.net | | 2021-02-11| | https://www.gutierrez-lloyd.com/ |
| 97 | | Buchanan | | vernonrush@harvey.com | | 2022-04-14| | http://www.mayer.com/ |
| 98 | | Moore | | samantha34@mccarthy.com | | 2021-03-20| | http://mccarty-meza.info/ |
| 99 | | Tanner | | joconnor@cooley.com | | 2020-12-24| | http://www.price.com/ |
| 100 | | Sims | | toddmcmahon@beard-lambert.com | | 2020-04-22| | https://wall-reid.com/ |
| 101 | | Strong | | veronicablankenship@pace.com | | 2021-12-10| | https://newton-esparza.net/ |
| 102 | | Mullins | | swarren@buck-roach.com | | 2022-05-15| | http://moran.com/ |
| 103 | | Rush | | garymelton@petersen-lam.org | | 2021-07-27| | https://allison.info/ |
| 104 | | Hurst | | mathisgloria@house-hamilton.org | | 2021-10-22| | https://bates-christian.biz/ |
| 105 | | Collier | | patrickfelicia@goodwin.org | | 2021-07-24| | http://hill.com/ |
| 106 | | Sanchez | | hortonmiguel@mays-rivers.org | | 2021-12-12| | http://www.hurst-johnston.info/ |
| 107 | | Manning | | preston76@house.com | | 2020-06-30| | https://hendrix-pittman.biz/ |
| 108 | | Forbes | | moneal@hudson.biz | | 2020-04-11| | https://jones.com/ |
| 109 | | Ryan | | beckyshaw@bradley-booth.com | | 2021-07-09| | http://hurley.org/ |
| 110 | | Short | | kanthony@osborne.com | | 2021-01-24| | http://osborne.com/ |
| 111 | | Henry | | alexandraroy@juarez-kane.com | | 2020-03-02| | https://frederick.com/ |
| 112 | | West | | ckhan@underwood.net | | 2020-06-24| | http://www.lawrence.biz/ |
| 113 | | Gallagher | | joe34@salazar.com | | 2020-01-03| | https://silva.com/ |
| 114 | | Wiley | | vernon36@browning.info | | 2020-07-05| | https://henson.net/ |
| 115 | | Merritt | | pammorales@james-benjamin.net | | 2020-12-29| | https://morse.org/ |
| 116 | | Mejia | | paulcastaneda@burke.com | | 2021-02-06| | https://valencia.com/ |
| 117 | | Alvarez | | sarahpotts@bradford.com | | 2020-08-07| | http://carpenter-estes.net/ |
| 118 | | Berger | | wwhite@perez.com | | 2021-04-10| | http://cortez-cooper.com/ |
| 119 | | Daniel | | orice@drake.com | | 2021-07-23| | https://www.butler.info/ |
| 120 | | Mueller | | damon39@terrell.com | | 2020-08-30| | http://james.org/ |
| 121 | | Middleton | | watkinsevan@ward.biz | | 2020-05-23| | https://www.chase.info/ |
| 122 | | Fletcher | | meredith05@lawrence-shaw.com | | 2020-03-25| | https://www.duffy-coffey.biz/ |
| 123 | | Wong | | lacey04@cross.com | | 2022-05-13| | http://parrish.com/ |
| 124 | | Brock | | travisfoley@brandt.com | | 2021-06-28| | http://werner.org/ |
| 125 | | Petersen | | hmccarty@sharp.biz | | 2021-03-17| | http://www.archer.com/ |
| 126 | | Fuller | | alisonsanders@durham.com | | 2021-09-29| | https://alvarado.com/ |
| 127 | | Klein | | bjordan@small-black.com | | 2020-05-07| | https://www.kaufman-ho.com/ |
| 128 | | Fitzpatrick | | damonhowe@larsen.org | | 2021-09-12| | http://tapia-davis.com/ |
| 130 | | Gregory | | tasha85@wilson.biz | | 2020-10-04| | https://www.rojas.net/ |
| 131 | | Mckay | | oneilldamon@spencer.com | | 2020-02-13| | https://hale-montes.com/ |
| 132 | | Rhodes | | weaverclinton@zamora.org | | 2021-12-20| | http://www.nguyen-curry.com/ |
| 133 | | Byrd | | xtapia@hensley.info | | 2020-06-17| | https://blake.net/ |
| 135 | | Miller | | fenglish@warner.net | | 2021-10-28| | https://atkins.com/ |
| 136 | | Marsh | | brendanbarrera@gill-thornton.info | | 2021-05-25| | https://www.mack.biz/ |
| 137 | | Paul | | peggy95@park.info | | 2022-01-15| | http://www.cordova.com/ |
| 138 | | Oconnell | | kerriray@owen-stone.info | | 2020-04-26| | https://newman.com/ |
| 139 | | Bradshaw | | nichole45@michael.org | | 2022-01-15| | http://gray.com/ |
| 140 | | Chase | | daltonrangel@prince.biz | | 2021-07-15| | http://barr-faulkner.info/ |
| 141 | | Crawford | | vmyers@novak-delacruz.biz | | 2021-11-27| | https://www.walton.biz/ |
| 142 | | Vance | | weavermeagan@sampson.com | | 2021-09-26| | https://patel.com/ |
| 143 | | Sanford | | hebertdarin@kidd.com | | 2021-12-25| | https://www.wells-simon.info/ |
| 144 | | Singleton | | cannonshirley@carson-dorsey.com | | 2022-04-25| | https://frey.com/ |
| 145 | | Sutton | | dana05@hester.net | | 2021-11-18| | https://www.donaldson-norman.com/ |
| 146 | | Eaton | | willie99@snyder.com | | 2022-04-17| | http://www.singleton.com/ |
| 147 | | Huff | | lunakirsten@zimmerman-salinas.org | | 2021-05-18| | https://www.thompson.org/ |
| 148 | | Pollard | | marthaguerra@anderson.com | | 2021-10-29| | http://www.elliott-tyler.org/ |
| 149 | | Hunter | | joanne07@pennington.com | | 2021-09-19| | https://garner.net/ |
| 150 | | Miles | | jerry26@hudson-acevedo.net | | 2021-04-27| | https://fox.biz/ |
| 151 | | May | | katie93@norris.biz | | 2021-08-01| | http://www.small.com/ |
| 152 | | Garza | | gacosta@stephenson-tyler.biz | | 2020-03-02| | http://bautista.com/ |
| 153 | | Oconnell | | madisoncarey@spence-beck.info | | 2020-03-22| | https://www.brock.com/ |
| 154 | | Garrett | | kari95@henry.org | | 2021-09-17| | http://www.larson.com/ |
| 155 | | Bender | | tiffany09@perkins.com | | 2021-09-08| | http://sloan.info/ |
| 156 | | Harrison | | davefarmer@neal-farrell.org | | 2021-01-23| | https://howard-crawford.com/ |
| 157 | | Fowler | | lydiameyers@frederick.com | | 2021-09-08| | http://www.campos.org/ |
| 158 | | Golden | | timothyrivera@wade-galloway.net | | 2020-06-15| | http://www.huffman.com/ |
| 159 | | Lawson | | harmonmadison@finley-clarke.net | | 2020-04-30| | http://curry.com/ |
| 160 | | Vaughan | | vincent58@norton.com | | 2020-10-12| | https://www.whitehead.org/ |
| 161 | | Hoover | | brandibarker@peterson.net | | 2020-10-31| | http://www.best.com/ |
| 162 | | Boyle | | lindsayrocha@preston.org | | 2020-08-27| | https://hinton.com/ |
| 163 | | Noble | | daniel75@hansen.com | | 2020-03-31| | https://weber.net/ |
| 164 | | Molina | | eschultz@salas.com | | 2020-10-31| | http://wilcox.com/ |
| 165 | | Christian | | perry87@nichols.biz | | 2021-01-31| | http://www.walter.info/ |
| 166 | | Estes | | frederickmisty@carpenter-nielsen.net | | 2021-05-27| | https://www.bridges.biz/ |
| 167 | | Myers | | jodonnell@oliver.com | | 2022-01-13| | https://nash.info/ |
| 168 | | Barker | | ehampton@lopez-brandt.org | | 2020-06-24| | https://www.mendez-duran.com/ |
| 169 | | Huerta | | evansstuart@griffin.org | | 2020-09-18| | http://cantu.com/ |
| 170 | | Knight | | kristina23@carr-arias.com | | 2020-10-19| | http://www.orozco.biz/ |
| 171 | | Booth | | gabriellanorton@robertson.org | | 2021-02-08| | http://mitchell.com/ |
| 172 | | Guerra | | lonnieguerra@cooke.com | | 2021-07-05| | https://vincent.com/ |
| 173 | | Murillo | | cowandeanna@house.com | | 2021-07-03| | https://molina.com/ |
| 174 | | Lawrence | | reginahancock@walker.org | | 2020-09-17| | http://palmer-chan.org/ |
| 175 | | Ewing | | jasmin18@juarez-richmond.com | | 2020-08-05| | http://www.medina.info/ |
| 176 | | Pacheco | | sandy44@thomas.com | | 2021-10-12| | https://www.butler.com/ |
| 177 | | Browning | | gravesalisha@harrell.info | | 2021-01-25| | http://mata.com/ |
| 178 | | Woods | | bcole@stevens.com | | 2021-05-18| | https://galvan-lucero.org/ |
| 179 | | Lopez | | jessica41@klein.biz | | 2021-03-16| | http://www.pena.com/ |
| 180 | | Small | | guymorrow@romero-owen.com | | 2021-12-16| | https://wallace.com/ |
| 181 | | Kirk | | manuel95@holden-franklin.com | | 2020-05-05| | http://frye.com/ |
| 182 | | Arellano | | yreyes@rowe.com | | 2021-04-17| | http://haney.biz/ |
| 183 | | Bullock | | russorussell@galloway.biz | | 2020-10-17| | http://lam-villanueva.com/ |
| 184 | | Leonard | | craigwhitney@carrillo.info | | 2020-11-24| | https://bradford.com/ |
| 185 | | Mcfarland | | cwolf@arellano.com | | 2021-01-17| | https://www.li.biz/ |
| 186 | | Steele | | bweaver@levy.info | | 2021-04-25| | http://www.bernard-archer.info/ |
| 187 | | Boone | | wflynn@andersen.com | | 2020-11-13| | http://www.meadows.org/ |
| 188 | | Moyer | | pcannon@choi.com | | 2021-11-24| | https://www.horne.com/ |
| 189 | | Reese | | luis12@buck.com | | 2020-03-23| | http://www.maldonado.com/ |
| 191 | | Bullock | | fieldskelly@blackburn.biz | | 2020-10-19| | https://li.com/ |
| 192 | | Paul | | vwhite@peterson-gould.com | | 2020-06-14| | https://randolph.com/ |
| 193 | | Cardenas | | cuevasgeorge@navarro-mcmahon.com | | 2020-09-27| | http://www.wise-horton.com/ |
| 194 | | Velez | | breanna32@mayer.net | | 2020-01-29| | https://www.mccarty.biz/ |
| 195 | | Collins | | kwarner@barrera.org | | 2020-12-30| | https://www.anderson.com/ |
| 196 | | Harper | | sharpgreg@rubio-garrison.org | | 2020-04-10| | http://www.pacheco.com/ |
| 197 | | Serrano | | usloan@harrington.com | | 2021-09-30| | http://flynn-cameron.info/ |
| 198 | | Robbins | | ariana05@kelly-arellano.com | | 2020-04-10| | http://macias-duffy.com/ |
| 199 | | Abbott | | edward56@parks.biz | | 2021-03-10| | https://www.lambert-smith.biz/ |
| 200 | | Cantrell | | gcollier@golden.com | | 2021-04-17| | https://mccarthy.com/ |
| 201 | | Washington | | woodsdevin@maldonado.org | | 2020-11-06| | https://www.jordan-phelps.org/ |
| 202 | | Suarez | | mcbridekylie@mcdowell-christensen.com | | 2020-03-22| | http://powers-bird.com/ |
| 203 | | Washington | | rothkerry@atkins-porter.com | | 2022-03-17| | https://www.stone.com/ |
| 204 | | Hamilton | | jack76@compton.com | | 2022-03-24| | https://www.duncan.org/ |
| 205 | | Fletcher | | kaitlinbooth@hurley.com | | 2020-12-31| | http://www.conrad.com/ |
| 206 | | Morse | | hillterrance@gamble.info | | 2021-09-04| | http://jones.com/ |
| 207 | | Pruitt | | mosleyross@lawrence.com | | 2021-03-01| | https://rhodes-hutchinson.org/ |
| 209 | | Peterson | | malik63@frazier-nichols.biz | | 2022-01-16| | https://www.wheeler-wong.com/ |
| 210 | | Pearson | | luceromaxwell@wong.biz | | 2021-01-10| | http://www.miranda.info/ |
| 211 | | Meadows | | luis82@sparks.com | | 2020-10-02| | https://burnett.com/ |
| 212 | | Dickson | | lauren64@faulkner-hood.info | | 2021-08-22| | https://www.hunter.com/ |
| 213 | | Shannon | | elutz@medina-garcia.com | | 2020-05-17| | https://www.rhodes.biz/ |
| 215 | | Vasquez | | knappalisha@franco.org | | 2020-10-21| | http://mccann.com/ |
| 216 | | Oconnell | | yolanda40@rhodes.com | | 2021-08-04| | http://www.weiss.com/ |
| 217 | | Walker | | xortiz@gates.com | | 2022-01-13| | http://www.gray.org/ |
| 218 | | Shah | | obates@bennett-nicholson.net | | 2021-09-09| | http://hodge-ramirez.com/ |
| 219 | | Mitchell | | sabrinaerickson@wise.info | | 2020-08-17| | http://www.butler.biz/ |
| 220 | | Schmidt | | xrollins@mcfarland.com | | 2021-02-01| | http://mckee.com/ |
| 221 | | Simpson | | yolanda53@thomas.info | | 2021-01-28| | https://www.payne.com/ |
| 222 | | Keith | | lucas94@barrera.com | | 2022-03-03| | http://www.robbins.biz/ |
| 224 | | Hoffman | | wisediane@dean.com | | 2021-01-15| | http://www.murray-woodard.net/ |
| 225 | | Tyler | | tonyaruiz@farmer.com | | 2020-07-05| | https://beltran.com/ |
| 226 | | Ford | | triciarichards@shelton.net | | 2020-12-05| | https://freeman-maddox.com/ |
| 227 | | Gates | | philip88@carr.biz | | 2021-05-11| | http://odom.info/ |
| 228 | | Gaines | | josephchaney@roach-rocha.info | | 2020-03-01| | https://www.hood-decker.com/ |
| 229 | | Wilson | | shanecuevas@terry.com | | 2020-05-03| | https://www.marshall.com/ |
| 230 | | Jordan | | aserrano@webb.org | | 2021-12-17| | https://booth-guzman.info/ |
| 231 | | Stafford | | ericksoncheyenne@taylor.com | | 2020-10-26| | http://bowers-ashley.com/ |
| 232 | | Saunders | | dorothy66@howe-kim.com | | 2020-09-10| | http://www.hatfield.com/ |
| 233 | | Barrera | | oscar33@holden-morrow.com | | 2020-02-11| | http://www.hurley.com/ |
| 234 | | Bullock | | jacobskurt@dalton-small.com | | 2022-01-26| | http://www.boyle-archer.net/ |
| 235 | | Stuart | | iosborn@brady.com | | 2021-02-16| | https://www.huff.com/ |
| 236 | | Lamb | | walterfrye@good-boyer.com | | 2021-03-15| | http://rubio.com/ |
| 237 | | Huang | | samuelwelch@reid.net | | 2020-03-27| | http://gordon.org/ |
| 238 | | Ramos | | wcole@bell.info | | 2021-03-30| | https://harris-houston.biz/ |
| 239 | | Carpenter | | miguelmathis@crawford.info | | 2021-12-29| | https://suarez.com/ |
| 240 | | Whitehead | | romeroangie@cunningham.org | | 2021-07-13| | https://maynard-madden.net/ |
| 241 | | Arnold | | vbooker@donovan-stokes.info | | 2020-10-01| | http://www.mathews.com/ |
| 242 | | Lawrence | | rmcfarland@shelton.com | | 2021-03-02| | http://levine-francis.com/ |
| 243 | | Moran | | tammyspence@day.org | | 2020-10-09| | http://christian.com/ |
| 244 | | Stephens | | joanna47@davidson.org | | 2022-05-10| | https://bush.com/ |
| 245 | | Hale | | jeffrey24@douglas-landry.com | | 2022-03-23| | https://www.roth-haney.com/ |
| 246 | | Lee | | burnettrebecca@brewer.info | | 2020-12-18| | https://burnett.com/ |
